ID;firstName;lastName;telephone;country;email;place;postcode;street;housenumber
101;Emily;Brontë;12345;;emily.bronte@adressbook.com;adb;54637;Brontestr.;12
107;Charlotte;Brontë;67890;;charlotte.bronte@adressbook.com;adb;54637;Brontestr.;12
150;Edgar;Poe;24680;;edgar.poe@adressbook.com;adb;54637;Poestr.;34
170;Richard;Carpenter;13579;;richard.carpenter@adressbook.com;adb;54637;Carpenterstr.;27
